{"cameraMode":{"drawMode":0,"name":"Shaded","section":"Shading Mode"},"sceneLighting":true,"audioPlay":false,"sceneViewState":{"m_AlwaysRefresh":false,"showFog":true,"showSkybox":true,"showFlares":true,"showImageEffects":true,"showParticleSystems":true,"showVisualEffectGraphs":true,"m_FxEnabled":true},"in2DMode":false,"pivot":{"x":0.21229460835456849,"y":1.0577287673950196,"z":0.16685688495635987},"rotation":{"x":0.1723209172487259,"y":-0.4216628074645996,"z":0.08196892589330673,"w":0.886448323726654},"size":0.88699871301651,"orthographic":false}