{"cameraMode":{"drawMode":0,"name":"Shaded","section":"Shading Mode"},"sceneLighting":true,"audioPlay":false,"sceneViewState":{"m_AlwaysRefresh":false,"showFog":true,"showSkybox":true,"showFlares":true,"showImageEffects":true,"showParticleSystems":true,"showVisualEffectGraphs":true,"m_FxEnabled":true},"in2DMode":false,"pivot":{"x":-0.017791813239455224,"y":1.0741121768951417,"z":0.3769915997982025},"rotation":{"x":0.10773807018995285,"y":-0.004478225950151682,"z":0.00043569927220232785,"w":0.994193434715271},"size":0.4224746823310852,"orthographic":false}